"","expert","mean","se","value"
"1","d.polity",0.314959794868811,0.247013735815236,"bias"
"2","d.jay",-0.689091052807599,0.245256376720068,"bias"
"3","d.fh",-0.504203310851073,0.252439104657904,"bias"
"4","d.mbr",-1.38188518851876,0.240033581049769,"bias"
"5","d.ddr",-1.27910612622665,0.23833735191649,"bias"
